type,valeur,source,preuve_statique,interpretation
sha256,49f091ade48890bfa22d2b455494be95e52392c478b67e10626222b6aee37e1e,Res.exe,"Calcul sur les octets du PE, concordant avec US 2",Identifie exactement cet echantillon
sha256,e09ec2098363a129de143fdaf73ad6e2e61266fba3f638a25214af3a8bc8f2f2,Env.exe,"Calcul sur les octets du PE, concordant avec US 2",Identifie exactement cet echantillon
chemin,C:\WindSyst\Res.exe,Res.exe,Chaine VA 0x4052d4 ; valeur Run Res en 0x401c12,A correler au hash et a la persistance
chemin,C:\WindSyst\Env.exe,Res.exe,Chaine VA 0x4052ec ; valeur Run Env en 0x401cb8,A correler au hash et a la persistance
chemin,C:\WindSyst\log.txt,Res.exe et Env.exe,Chaines VA 0x405064 et 0x4090e6 ; ouverture en 0x401791 et 0x4017cb,Journal commun aux deux composants
registre,HKCU\Software\Microsoft\Windows\CurrentVersion\Run | Res = C:\WindSyst\Res.exe,Res.exe,QSettings::setValue en 0x401c12,Combinaison cle + nom de valeur + donnee ; la cle seule est legitime
registre,HKCU\Software\Microsoft\Windows\CurrentVersion\Run | Env = C:\WindSyst\Env.exe,Res.exe,QSettings::setValue en 0x401cb8,Combinaison cle + nom de valeur + donnee ; la cle seule est legitime
destination_configuree,smtp.laposte.net:465,Env.exe,Hote en 0x401900 ; port en 0x40192f ; connexion en 0x40243d,Service legitime ; contexte requis ; aucune connexion observee par cette analyse statique
chaine_interface,smtp.gmail.com,Env.exe,Chaine VA 0x4090c9 referencee en 0x406f54 dans le code de construction de l interface,Contexte uniquement ; ne pas traiter comme destination active ni bloquer sur ce seul indice
